{"cameraMode":{"drawMode":0,"name":"Shaded","section":"Shading Mode"},"sceneLighting":false,"audioPlay":false,"sceneViewState":{"m_AlwaysRefresh":false,"showFog":true,"showSkybox":false,"showFlares":true,"showImageEffects":true,"showParticleSystems":true,"showVisualEffectGraphs":true,"m_FxEnabled":true},"in2DMode":false,"pivot":{"x":0.005213379859924316,"y":4.193805694580078,"z":-0.09441864490509033},"rotation":{"x":-0.053658705204725268,"y":-0.03538462519645691,"z":0.0018539499724283815,"w":-0.9979389309883118},"size":3.8892295360565187,"orthographic":false}