{"cameraMode":{"drawMode":0,"name":"Shaded","section":"Shading Mode"},"sceneLighting":false,"audioPlay":false,"sceneViewState":{"m_AlwaysRefresh":false,"showFog":true,"showSkybox":false,"showFlares":true,"showImageEffects":true,"showParticleSystems":true,"showVisualEffectGraphs":true,"m_FxEnabled":true},"in2DMode":false,"pivot":{"x":189.0932159423828,"y":184.2023162841797,"z":-314.5185852050781},"rotation":{"x":-0.04020218178629875,"y":-0.011431626044213772,"z":0.00041794442222453654,"w":-0.9991067051887512},"size":38.32765579223633,"orthographic":false}