{"cameraMode":{"drawMode":0,"name":"Shaded","section":"Shading Mode"},"sceneLighting":false,"audioPlay":false,"sceneViewState":{"m_AlwaysRefresh":false,"showFog":true,"showSkybox":false,"showFlares":true,"showImageEffects":true,"showParticleSystems":true,"showVisualEffectGraphs":true,"m_FxEnabled":true},"in2DMode":false,"pivot":{"x":51.05451965332031,"y":19.229429244995118,"z":30.84516716003418},"rotation":{"x":0.0371871143579483,"y":-0.03293697535991669,"z":0.0012574769789353014,"w":0.998774528503418},"size":192.31581115722657,"orthographic":false}