{"cameraMode":{"drawMode":0,"name":"Shaded","section":"Shading Mode"},"sceneLighting":false,"audioPlay":false,"sceneViewState":{"m_AlwaysRefresh":false,"showFog":true,"showSkybox":false,"showFlares":true,"showImageEffects":true,"showParticleSystems":true,"showVisualEffectGraphs":true,"m_FxEnabled":true},"in2DMode":false,"pivot":{"x":-2.9193897247314455,"y":3.2679998874664308,"z":-3.0806102752685549},"rotation":{"x":-0.0296670850366354,"y":-0.31198781728744509,"z":0.009695785120129586,"w":-0.9495821595191956},"size":0.702470600605011,"orthographic":false}